customerID,tenure,MonthlyCharges,TotalCharges,Contract,Churn
4083-HQAIA,41,94.43,3876.1,Month-to-month,No
4364-AWLLO,38,77.85,2947.61,two year,No
1515-UOBCK,70,72.47,5077.49,Month-to-month,Yes
5919-NWSHZ,15,34.83,517.71,MONTH-TO-MONTH,No
4201-JZUTL,25,110.96,2767.42,Month-to-month,Yes
5293-JOPDS,71,27.72,1959.1,Two year,No
7655-RHOKE,20,69.06,1390.55,Month-to-month,No
7829-LXGOU,15,47.98,713.08,One Year,No
4181-YJWLG,0,78.81,,Month-to-month,Yes
5304-HDNPI,16,70.58,1132.81,One year,Yes
3843-IXVHP,63,24.89,1573.39,Two Year,No
4632-EYYBO,3,22.8,76.99,Two year,No
2647-QZCMV,57,22.12,1254.65,Two year,No
4442-ZENYS,45,43.75,1965.21,One year,Yes
2347-XISCT,48,97.99,4689.3,One year,No
7630-ZZVAQ,32,23.65,761.76,month-to-month,No
7009-LOPMI,31,37.26,1156.44,Month-to-month,No
8578-GWJQE,14,80.11,1113.12,Month-to-month,No
2964-SCIGC,64,63.73,4068.51,Month-to-month,No
6718-YCTRX,6,87.47,510.93,Two Year,No
9184-JHNUL,48,26.97,1307.16,One year,No
2819-JLLSH,50,78.73,N/A,Month-to-month ,No
4910-YCHXB,37,83.26,3078.88,Month-to-month,No
1045-APVND,9,70.49,632.05,One year,No
2064-BSQZV,36,108.48,3900.69,One year,No
7891-VWDDN,56,80.07,4492.2,One Year,No
6046-FBTKS,7,53.46,367.67,Month-to-month ,No
6739-PPPNM,21,22.49,473.24,Two year,No
3334-QXCQJ,64,53.49,3413.21,Month-to-month,Yes
3713-IEYTA,48,118.47,5684.83,Two year,No
2179-RGCDG,57,33.57,1925.61,Month-to-month,Yes
6534-EWUCP,63,58.75,3714.46,Two Year,Yes
8008-WVQXY,70,26.22,1848.4,Month-to-month,No
5707-TQQCD,32,88.67,2841.07,One year,No
6036-BFXQC,29,112.37,3250.53,One year,No
1693-RAASO,38,28.05,1051.36,Month-to-month,Yes
7635-FAXLV,51,55.2,2823.39,One year,Yes
5119-QCTAK,18,36.94,669.06,Month-to-month,No
8663-FYKMZ,28,62.02,1737.03,Month-to-month,Yes
3316-BZATX,1,59.72,55.87,Two year,Yes
3079-IWJMN,26,52.88,1367.43,Month-to-month,Yes
3323-SADQB,8,24.71,200.39,one year,No
9319-YSWYG,71,38.66,2743.29,Two year,No
5354-XQQUA,12,71.07,850.85,Month-to-month,Yes
6337-ELCBQ,26,68.84,1796.13,Month-to-month,Yes
8408-OTXLP,64,38.34,2447.08,One year,No
2323-JYDZF,45,49.49,2236.17,One Year,No
4293-ZJAAJ,58,104.25,6058.34,MONTH-TO-MONTH,No
6218-CJILS,49,81.64,4000.73,Month-to-month,No
2451-UCWBW,58,119.42,6923.89,Month-to-month,No
6777-EYIIH,27,96.76,2602.28,Month-to-month,No
6191-OZBPS,42,19.9,827.11,Month-to-month,No
1707-NGCEB,25,82.12,2053.93,two year,No
8395-OQQRM,0,25.15,,month-to-month,Yes
8532-ONJBK,66,108.28,7147.14,Two year,No
6990-TXWWU,67,97.37,6516.07,Month-to-month,No
5916-HIMXE,57,23.32,1337.71,Month-to-month,No
1329-TKKNJ,43,68.81,2961.06,one year,No
1715-YVOEE,30,43.47,1290.88,Month-to-month ,No
7563-WBNYY,31,85.64,2640.19,Two year,No
5908-PQDFD,51,22.07,1123.76,Month-to-month,No
5799-NTIOV,7,54.09,377.37,Two year,No
1018-AHLYQ,31,41.95,1292.86,MONTH-TO-MONTH,No
2434-UBSXO,6,29.07,160.81,Month-to-month,Yes
5358-WXNDF,15,70.88,1063.48,Month-to-month,Yes
1956-XCPRF,52,80.02,4161.25,Month-to-month,No
2918-MFHTK,63,63.82,4022.14,Month-to-month,No
8080-ROXZI,27,52.96,1439.89,Two Year,No
2795-FZMYX,21,91.55,1914.18,One year,No
6177-BGBRU,19,83.63,1584.96,two year,No
7039-MQHIX,3,40.69,129.26,Two year,Yes
5967-WBVXU,17,53.21,907.04,Month-to-month ,Yes
7890-QRPCH,51,71.76,3651.33,two year,No
1985-UXPQQ,10,86.03,859.04,Month-to-month,Yes
5641-RKBTW,53,106.15,5640.85,Month-to-month,Yes
6542-VDYSX,37,24.63,908.01,Month-to-month,Yes
2451-UCWBW,58,119.42,6923.89,Month-to-month,No
4299-QDRMM,30,88.54,2645.19,Month-to-month,No
1890-FZDBB,50,90.63,4525.93,month-to-month,Yes
6663-TCSKT,28,27.17,774.15,Month-to-month,No
8385-TEBUS,18,26.6,482.66,one year,No
6110-GVACS,24,103.41,2485.95,Month-to-month,Yes
8609-UWWDH,3,99.54,304.35,Month-to-month,Yes
4935-EJSJY,26,66.55,1721.43,Month-to-month,No
5333-KVMOM,18,43.15,766.64,One year,No
2479-AXMWG,23,118.54,2712.52,One year,No
2481-RXUVF,27,93.68,2527.52,Month-to-month ,No
6284-VMQDF,7,64.04,459.96,Month-to-month,Yes
9725-ONQPU,24,101.47,2442.48,Two year,No
7099-AEEYR,48,98.06,4695.33,Month-to-month,No
2109-VIEXO,21,42.16,870.96,One year,No
8206-CACUE,70,107.12,7503.49,two year,No
6741-WSISR,61,109.21,6671.09,MONTH-TO-MONTH,Yes
5619-PSBEG,0,116.1,,Month-to-month,Yes
5100-NRVYA,43,67.69,2910.19,Two Year,No
7390-DMEGD,1,111.08,120.05,month-to-month,No
7128-WJMCI,3,70.98,198.56,Month-to-month,No
5430-TTASD,1,26.78,17.09,Month-to-month,Yes
5272-PLZNK,65,106.98,6942.38,Month-to-month,No
8603-BXGTX,43,52.17,2256.92,Month-to-month,No
3643-IMJEB,1,117.94,117.51,month-to-month,Yes
2621-JHUWY,9,95.86,869.93,Month-to-month,Yes
2179-RGCDG,57,33.57,1925.61,Month-to-month,Yes
9654-JRXTH,11,44.63,486.93,One year,No
2603-XGKSE,54,20.01,1091.3,MONTH-TO-MONTH,No
3914-HUZAA,64,37.32,2387.72,Month-to-month ,Yes
5810-XPHTT,36,80.22,2890.03,Two year,No
6066-QOSOJ,67,31.45,2092.42,two year,No
8021-ZGKJU,29,46.9,1345.15,Two year,No
6825-TZUMF,44,113.58,5012.16,month-to-month,Yes
9670-QWFHG,51,62.05,3158.91,One year,No
6643-GARIE,16,45.51,738.21,Month-to-month,No
8189-RGGIQ,30,45.28,1366.04,MONTH-TO-MONTH,No
1071-JCSVZ,44,70.54,3106.1,two year,No
7456-AAMLH,18,56.36,1003.11,Month-to-month,Yes
8013-TWHBR,19,45.1,857.23,Month-to-month,Yes
9617-BTGBG,26,84.29,2190.35,Month-to-month,Yes
2271-TOWIS,63,64.53,4075.59,One year,No
9873-PWDOT,21,19.89,421.74,two year,No
3555-ZSPJG,24,115.41,2784.69,Month-to-month,No
6003-JEBYX,34,78.21,2672.1,Month-to-month,No
8045-SPQVR,29,83.44,2418.38,One year,No
9708-PRPAP,66,104.0,6868.86,Month-to-month,Yes
3185-XDOIV,70,114.0,7985.31,month-to-month,No
7254-FTYGP,50,39.07,1946.14,month-to-month,No
3654-LTETO,22,41.22,906.78,One year,No
7895-QNVFX,52,82.27,4281.13,Month-to-month,No
9506-JWLFM,2,102.56,205.77,One year,No
9263-OVARU,29,22.27,649.94,Month-to-month,Yes
6106-ZYALV,57,57.46,3287.72,Two Year,No
8162-NNRKJ,44,19.06,825.69,month-to-month,No
3486-QLARZ,11,30.38,333.35,Month-to-month,Yes
8959-GRRRH,66,65.52,4332.34,Month-to-month,No
6453-ZLDFC,43,50.57,2170.56,One year,No
3877-FCCPM,35,31.98,1124.4,Month-to-month,Yes
3207-AUSLB,18,97.78,1757.1,Two year,Yes
7973-QHZFO,20,113.26,2273.28,MONTH-TO-MONTH,Yes
2274-YWXDL,12,57.28,673.01,two year,No
6946-CNKKB,15,111.13,1668.57,month-to-month,Yes
8355-GCENR,58,97.24,5624.96,Month-to-month,No
4045-MUUJR,41,61.71,2534.23,MONTH-TO-MONTH,Yes
3970-WKCYA,17,75.33,1273.35,One Year,No
6862-VLOPO,42,81.1,3415.6,Month-to-month,Yes
2002-HCTLA,68,42.84,2900.78,Month-to-month,Yes
4099-FCUHP,45,70.76,3173.67,Month-to-month,No
6150-APIAL,5,92.15,450.06,One year,Yes
6939-DQKZY,17,73.41,1239.12,Month-to-month,Yes
7653-VCHJF,7,49.0,331.32,Two year,No
6578-BEYPH,45,54.41,2456.68,Two Year,No
3016-DZVFW,4,51.07,200.98,One year,No
2672-LROZE,60,31.95,1925.28,One Year,No
6217-AOPXM,66,30.12,1997.23,Month-to-month,No
4831-OIFQC,21,20.74,423.74,Month-to-month,Yes
4612-CMIMZ,0,84.6,,MONTH-TO-MONTH,No
7160-KXYQF,32,90.34,2883.13,Month-to-month,Yes
9206-KOOWZ,62,96.27,5980.71,Month-to-month,No
7890-JKAHV,8,116.93,929.79,Month-to-month,Yes
8413-EZGQD,33,45.13,1490.9,One year,No
3760-CSIQJ,45,55.59,2503.08,Month-to-month,No
8920-BDTYR,38,63.01,2398.96,One year,No
5132-EXHVD,64,66.97,4288.84,Two Year,No
1712-VJJIP,4,86.87,340.12,two year,No
4473-EYBUF,71,101.09,7166.78,One year,No
7771-MHODV,45,41.51,1874.08,One Year,No
6305-YKBVC,7,39.9,266.88,Two year,No
8967-PFYHC,57,101.52,5800.54,One Year,Yes
4921-BCUXZ,51,114.38,5833.21,Two year,No
7287-MUZFD,5,67.24,322.8,Two Year,No
5332-CMLEO,1,27.28,20.86,Month-to-month,No
1206-KUSNQ,59,44.24,N/A,Month-to-month,Yes
8277-CWSBD,63,95.67,6015.51,One year,No
9760-XWZZQ,7,51.82,367.49,one year,No
,0,25.15,,month-to-month,Yes
2433-VQHCC,26,52.32,1353.15,Month-to-month,No
6810-ETITR,32,56.05,1800.72,Month-to-month,No
5561-SZRJF,10,41.66,408.6,Month-to-month,No
8258-AVNEL,52,76.28,3955.7,Month-to-month,No
2971-OINOU,13,23.8,300.14,Two year,No
7651-DXOSC,7,36.7,268.76,One Year,Yes
6314-LNADZ,58,100.55,5843.43,One year,Yes
8206-CACUE,70,107.12,7503.49,two year,No
1539-PFQAD,29,89.24,2594.82,One year,No
3861-NBQZS,61,18.65,1147.98,One year,No
9412-BXRFM,36,94.99,3433.76,Month-to-month,Yes
3085-KCKOD,50,76.34,3814.54,Two Year,No
4206-JXFJX,3,43.3,133.66,One year,No
1756-UWEWZ,38,100.11,3793.74,One year,Yes
7852-KEHVI,21,29.14,610.63,Month-to-month,Yes
4628-GXCQP,28,110.86,3090.77,MONTH-TO-MONTH,No
,44,113.58,5012.16,month-to-month,Yes
4612-CMIMZ,0,84.6,,MONTH-TO-MONTH,No
6071-FEICH,25,97.18,2417.23,Month-to-month,Yes
7100-BSYLD,17,108.64,1850.52,month-to-month,No
2785-BXUTF,39,47.43,1859.27,Month-to-month,Yes
6355-EKPJW,68,103.65,7054.13,month-to-month,Yes
9096-DSQBV,65,92.85,6044.62,One year,No
9572-ZHYXC,64,44.56,2843.92,Month-to-month,No
4793-MCQCU,71,82.05,5821.22,One Year,No
4744-ZCGBU,34,101.62,3465.57,one year,No
3625-QWQPF,60,40.25,2411.99,Month-to-month,No
2411-KQJHL,69,56.69,3923.13,MONTH-TO-MONTH,No
9747-XBWXY,13,38.72,489.38,Month-to-month,No
7095-OYJGL,33,36.41,1213.23,Month-to-month,Yes
2511-EIZVN,14,48.08,668.42,One year,No
7774-IWMUG,22,56.66,1231.75,Month-to-month,No
6681-MBOSV,36,18.13,643.74,Month-to-month,No
6639-XKFUA,1,83.84,80.9,Month-to-month,Yes
8508-VVKBJ,46,63.08,2901.98,Month-to-month,No
8417-YUOHB,42,92.02,3850.31,Two year,No
5265-FGGDW,24,58.4,1416.37,Month-to-month,Yes
5959-DTCER,11,83.5,923.46,Month-to-month,Yes
3999-XIAVX,13,73.42,944.29,Month-to-month,No
9611-AZBJK,42,103.99,4369.51,One year,No
7428-KKMKE,26,29.21,762.48,month-to-month,No
6774-DFPHV,12,93.81,1133.51,one year,No
6017-QIGKJ,64,20.38,1307.89,month-to-month,Yes
5744-KOOOR,13,83.17,1077.38,One year,Yes
6913-IFXPB,21,92.18,1930.72,Two year,No
1365-BOHNN,52,78.09,4051.81,One year,No
1692-HDXZD,70,111.2,7779.41,One year,No
9242-TVQLB,26,70.21,1838.3,month-to-month,No
1793-SJIZN,36,21.16,759.15,One year,No
8996-ZMMCC,43,66.82,2879.02,one year,No
6819-VKNHN,26,98.78,2563.21,One year,No
3270-QHBYD,60,46.74,2797.07,Month-to-month,No
9791-CJAWP,19,115.46,2196.81,One year,Yes
7365-UTMEU,42,114.51,4816.07,Month-to-month,No
7332-UXVDM,1,93.33,103.01,One Year,No
6185-YHSPU,8,41.85,334.06,Month-to-month,No
1976-QMNUM,58,43.34,2504.11,Month-to-month,Yes
2479-DNYDV,65,29.49,1912.81,Month-to-month,No
4975-YFLXA,6,109.38,650.27,Month-to-month,Yes
7890-JKAHV,-5,116.93,929.79,Month-to-month,Yes
2391-SEDDX,18,78.78,1417.27,One year,No
9560-MMLUQ,41,42.3,1727.56,Month-to-month,No
7973-QHZFO,20,113.26,2273.28,MONTH-TO-MONTH,Yes
2222-EVRKM,20,63.76,1267.08,One year,No
5153-QERSF,58,76.42,4420.75,Month-to-month,No
3084-ASXMP,0,112.88,,Month-to-month,Yes
6894-ZLNRX,32,82.24,2628.51,Two Year,No
9983-DAZQN,17,106.92,1827.42,month-to-month,Yes
5630-WQFTZ,6,100.57,614.69,Month-to-month,Yes
3627-VMORV,47,119.99,5644.81,month-to-month,Yes
3888-XEHLO,44,65.82,2897.36,One year,No
7044-PJTLE,6,70.64,418.14,Month-to-month,No
8314-BRPZR,19,60.07,1129.39,MONTH-TO-MONTH,Yes
4744-ZCGBU,34,101.62,3465.57,one year,No
1467-ABTZV,12,67.44,821.21,MONTH-TO-MONTH,No
1979-IYSME,14,83.78,1176.81,Month-to-month,No
2032-JLKBX,5,81.26,398.78,month-to-month,No
1076-JYZBJ,31,106.28,3289.31,Two year,No
1682-KHQCY,19,91.03,1740.94,One year,No
5162-XBABW,10,49.87,501.7,Month-to-month,No
8208-RNVJT,66,115.85,7653.26,Month-to-month,Yes
1615-QHDGQ,14,48.64,694.27,Month-to-month,Yes
6122-TTFHQ,53,109.35,5784.51,MONTH-TO-MONTH,No
7955-BOYQP,7,58.46,423.51,One year,No
2314-WRUDN,64,95.2,6081.24,One year,No
6370-WLUPN,50,43.23,2148.44,one year,No
